,labels
4557,0
4002,1
1373,1
1119,0
4611,1
2298,0
149,0
936,1
5682,0
2713,0
1855,1
734,0
823,0
3215,0
1385,1
1626,0
2984,0
4145,1
4458,1
430,0
2193,0
601,0
4868,0
1596,0
648,0
98,0
2887,0
4022,0
855,1
5960,0
2778,0
1192,0
4264,1
2966,0
1652,1
1899,1
821,1
5840,1
3243,1
2183,0
1181,1
1039,0
4278,0
5899,0
1352,0
5246,0
5355,0
3972,0
4348,0
830,1
249,0
407,0
2681,0
2281,1
4236,0
24,0
4260,0
1508,0
4128,1
3020,0
1583,1
5105,0
5536,0
3670,1
5305,0
451,0
746,0
167,0
4150,1
3076,0
1173,1
574,0
2007,0
3376,0
3667,0
3975,1
2858,0
199,0
1746,1
3318,1
4764,1
5714,1
2633,0
4844,0
5499,0
3740,0
1880,0
1612,0
71,0
4329,1
5881,1
15,0
3781,0
2095,1
3464,0
5500,0
2679,1
2919,0
3046,0
5993,1
3524,0
1166,0
5487,0
4915,0
4215,0
5525,1
517,0
3766,0
3884,1
2152,1
5008,0
328,1
2804,0
5819,0
5150,0
1045,1
1872,1
5866,0
5187,0
4713,1
4315,0
2321,1
2439,0
929,0
306,0
5030,1
2380,1
5978,0
4384,0
2487,0
4112,0
949,0
3986,0
5768,0
4342,0
3779,0
4356,0
2864,0
2469,0
4859,1
4878,1
4633,1
217,1
5981,0
3606,0
3536,1
2421,0
1981,0
519,0
2733,0
1030,1
4328,0
4137,0
4749,1
1232,0
584,1
2836,1
3679,1
3878,1
3168,1
5288,0
4523,0
4879,0
4081,1
3523,0
4132,0
1581,1
2660,0
1316,0
918,0
738,0
2174,0
1338,0
2860,0
4097,0
5882,0
23,0
3656,1
688,0
1121,1
3673,1
5149,0
3229,0
154,1
1160,1
1404,0
5544,0
4831,0
2031,0
2304,0
1574,0
3685,0
3942,0
1027,1
632,0
5746,0
4316,0
4793,0
1262,0
5243,0
4536,1
5353,0
1312,0
1807,1
3205,1
2920,0
5221,1
1290,0
712,0
5230,0
5129,0
610,0
4541,0
2058,0
4074,0
3863,0
1840,0
1926,0
4600,0
1512,0
3383,0
4952,0
1077,0
5176,0
1382,0
210,1
54,0
599,0
5664,0
5817,0
2667,1
468,1
1649,1
3374,0
3793,0
3393,1
5186,1
3689,0
1238,0
1018,0
1340,0
5486,0
4007,0
67,1
214,1
1979,1
5278,0
3458,0
1941,0
2036,0
3412,1
82,0
4593,0
1921,1
2239,1
3468,0
5352,0
234,1
910,0
1346,0
5761,1
651,1
4206,0
5824,1
5644,0
335,1
3054,1
2002,0
2158,0
2417,1
2842,0
1037,0
847,1
3200,0
1883,0
4251,0
1653,0
2752,1
3371,0
4227,0
136,0
4622,1
5333,0
2642,0
8,0
4400,0
1302,0
2232,0
4417,1
4776,1
3355,1
2909,1
560,0
387,0
4004,0
1409,1
4053,0
33,0
4773,0
2548,1
1075,1
2775,0
415,0
2819,0
2013,0
197,0
332,0
2025,0
3328,0
2537,0
5406,0
1396,0
631,0
4423,0
1739,0
1847,0
1950,0
2964,1
141,0
2125,0
4325,0
586,0
2549,1
1878,0
5046,1
4795,0
372,1
1721,0
4216,0
3664,0
1427,0
3195,0
3061,0
5147,1
2140,0
828,0
180,1
2413,1
5204,0
4420,0
2127,1
181,0
5087,1
2118,1
902,0
2043,0
3546,0
774,0
5201,1
5385,0
3557,1
5747,0
5367,1
1663,0
1399,0
2,0
4701,0
5109,0
5645,1
3701,0
3703,1
4497,1
435,1
5849,0
684,0
2700,1
2677,0
5379,0
4693,1
5371,0
2251,0
1915,0
4573,0
1244,1
1006,0
1307,0
3613,1
1019,0
658,0
2405,1
4971,0
5780,0
962,0
3090,0
5560,0
5476,1
5009,0
2905,0
4692,1
5697,0
5668,0
831,1
4332,0
3518,0
2161,0
2856,0
5302,0
278,0
1930,1
878,1
5666,1
2119,0
4450,0
5236,0
5439,1
124,0
1693,0
1502,1
2546,0
1949,0
1076,0
5343,0
5156,0
1766,0
5886,0
961,0
2921,0
2794,0
5795,0
282,0
701,0
682,1
977,0
5350,1
5038,0
825,0
1584,1
5522,0
4409,1
4932,1
513,1
4869,0
1248,0
1334,0
2317,0
1980,0
2854,1
567,0
5688,0
5794,0
68,0
356,0
972,1
3341,0
5733,1
2740,0
4184,1
879,0
2022,0
414,1
3983,0
849,0
5696,0
1007,0
5518,0
3979,0
2931,0
3515,0
4364,0
3148,0
624,1
3826,1
5506,1
2012,0
3717,0
3244,1
2480,0
5681,0
625,1
3251,0
5633,1
5830,1
1092,1
4916,0
3382,0
4628,1
5375,0
3486,1
5718,0
2787,0
5153,1
2316,0
1498,0
1483,0
3070,1
2099,0
4350,0
4196,0
1732,1
3454,0
3225,1
572,0
5723,0
3356,0
1799,0
3293,0
3634,1
4445,1
4605,1
5169,0
1862,0
3716,0
2084,0
1072,0
3114,0
3627,1
4000,0
4755,1
884,0
1699,0
201,0
886,0
3820,1
2111,1
2987,0
2509,0
2087,0
4548,1
2739,0
3423,1
3078,0
3272,0
3022,0
4366,1
3528,0
3051,0
1150,0
4814,0
842,0
2433,0
3745,0
5062,1
2137,0
2833,0
2241,0
1322,0
2477,0
3819,0
851,0
270,0
349,0
2039,0
1062,0
4064,0
5276,0
562,0
237,0
1925,0
1832,0
4527,0
5915,0
5990,1
5910,1
245,0
2356,1
2065,0
1541,0
2577,1
3317,1
5885,0
1431,0
3040,0
2248,0
2898,1
4343,1
330,0
1268,0
1278,0
5943,0
3479,0
3631,0
4228,1
5547,1
4425,0
5093,0
1105,0
374,0
1269,0
224,0
5974,0
4504,1
3598,0
4912,0
2475,0
2742,0
2072,0
2938,1
547,1
4508,0
858,0
2598,0
3545,0
693,0
715,0
309,0
4624,0
2362,0
1934,1
400,0
1001,0
3017,0
66,1
77,1
3754,0
5104,0
5922,1
294,0
336,0
1406,1
1551,1
3904,0
2614,0
2399,0
4308,0
2307,0
2250,0
5211,0
2727,0
4817,0
898,1
4537,0
643,0
5113,1
1871,1
637,0
5474,0
550,0
2672,1
3218,0
5883,0
770,0
3292,1
888,1
2086,0
1341,0
2761,0
170,0
1848,0
2974,0
2456,0
2969,0
122,0
2346,1
3157,0
5361,1
2202,0
4892,0
1664,0
5529,1
1344,1
4024,0
1801,1
2400,0
3252,1
4481,0
2659,0
3912,1
4019,0
5035,0
3976,0
2589,0
1055,1
3142,0
2442,0
4996,0
3688,0
2160,0
5034,1
4213,0
2676,0
204,1
2682,0
3861,0
5127,0
5545,0
5890,0
4115,0
4225,0
1667,0
5549,1
3322,0
2820,1
2566,1
5758,0
1051,0
2211,1
4732,1
1081,0
1042,0
4840,0
2690,0
2553,0
3118,0
1586,1
64,0
836,0
2942,0
440,0
5146,0
4668,0
4099,0
3929,0
2635,1
4857,1
1313,0
2345,1
2444,0
3952,0
2144,0
3449,0
3241,1
751,0
4816,0
1986,1
992,0
3995,0
2762,0
5731,0
3762,0
4111,0
2518,1
1940,0
5089,0
1743,0
2975,0
1970,1
4319,0
1869,1
1759,0
928,0
612,0
5042,1
3837,0
426,0
1533,0
5767,0
3864,1
3658,0
1458,0
5002,0
5018,0
1822,0
311,1
3888,1
5908,1
1769,0
5555,0
941,1
2978,1
1070,1
3437,0
591,1
448,0
256,1
3201,1
4189,0
4989,1
4194,0
5796,0
3730,0
1005,0
3668,0
3870,0
3265,0
2527,1
2181,1
3160,1
3282,1
3562,1
2431,0
4994,0
987,1
276,1
117,1
1479,1
5567,0
1305,0
3900,0
3204,1
3911,1
452,0
5057,0
4201,0
4833,0
501,0
5833,0
4569,0
5277,0
3308,0
4982,0
3232,0
449,1
5162,0
2205,0
5752,0
2595,0
2661,0
2074,1
2895,1
5732,0
1038,1
5975,1
1938,1
2524,1
346,0
3860,0
2701,0
2182,0
3463,1
964,1
2563,0
5096,0
3981,0
5468,1
3742,1
3734,1
2913,0
3475,0
587,1
4073,0
2169,1
674,0
1784,1
4823,0
2884,1
1917,0
1773,0
731,1
2600,0
5441,1
2641,0
390,0
469,1
5989,1
1434,1
5403,1
5504,1
1171,0
4652,0
2300,0
1060,0
2185,0
5152,0
5513,0
2980,0
4621,0
862,1
1998,1
5272,1
3788,0
5690,0
3235,0
1068,0
2176,0
489,1
2275,1
4733,1
394,0
4464,0
2967,0
1952,0
5774,0
465,0
1487,0
5821,0
4121,1
3704,1
1194,1
1016,1
798,1
3092,0
189,0
5810,0
1276,0
5336,0
4848,0
2187,0
2596,1
4408,0
3711,1
1466,0
3737,0
2500,0
5056,0
1552,1
2368,1
2624,1
3264,0
2153,0
5516,0
5741,1
2552,1
3143,0
5683,0
4558,0
5362,0
5907,0
275,0
4835,0
1679,0
5632,0
791,1
5208,0
5702,0
4885,1
5261,1
695,0
5123,1
2807,0
4378,1
2071,0
3392,0
2197,0
5418,0
1776,1
4592,1
2586,0
1435,1
2505,1
896,0
3343,0
4645,1
3587,0
537,0
749,1
5553,0
5698,0
1073,0
4095,0
1216,1
2745,0
2891,0
2339,0
4259,1
1401,0
1953,0
626,1
3777,1
3011,1
2730,0
565,0
4482,0
4129,1
659,0
3639,0
2912,0
3620,0
5025,0
4485,1
7,0
3408,0
38,0
5598,1
5287,0
2829,0
3727,0
3760,0
5248,0
296,0
3230,0
1116,0
4882,0
4322,0
5442,0
931,0
2904,0
262,0
2424,0
1709,0
4571,0
5770,0
1085,1
375,0
752,0
437,0
3951,0
4756,0
1082,0
2662,0
1733,0
2570,0
2991,0
2875,0
476,0
1378,0
401,0
2139,0
983,0
4012,1
4254,0
5657,0
2357,0
1418,0
4176,1
1632,0
2703,0
759,1
2364,0
885,0
4809,0
4546,0
1835,1
174,0
725,0
1616,0
3663,0
914,0
3287,0
3023,0
4947,0
3174,1
4207,0
2506,0
2452,1
2416,1
833,1
192,0
5740,0
3310,0
2815,0
2049,0
5812,0
4691,0
750,0
5239,1
2135,1
4902,0
5820,0
3316,0
4065,1
3902,1
2485,0
39,0
1914,1
3258,0
1644,0
4517,0
557,0
5969,0
458,0
638,0
3531,0
716,1
3690,0
2754,0
2044,0
1367,1
1602,0
69,0
2767,0
94,0
5663,1
3963,0
3906,0
5393,0
3164,0
5862,0
3112,0
5595,0
4544,1
1737,0
3886,0
4945,0
2915,0
3161,0
104,0
809,1
5195,0
1507,1
5926,1
5463,0
5471,1
872,0
1188,0
811,0
4900,0
2902,0
3916,0
4727,0
2753,0
4443,1
2520,0
505,1
480,1
107,1
2143,1
3345,0
3279,0
4179,0
1868,0
2627,0
721,0
4913,1
4101,0
58,0
1754,0
9,0
5316,0
4090,1
3722,0
5430,0
5184,0
664,1
3747,0
3334,1
1,1
111,0
5425,0
5285,1
4396,0
3351,1
4210,1
444,0
5140,0
2883,1
4193,0
3406,1
3619,0
1022,0
5991,0
2554,0
138,0
2028,0
5763,0
5898,0
1683,0
3286,0
2493,0
1561,1
4258,0
4991,0
3905,1
4177,0
5749,0
490,0
4056,0
1943,0
1482,0
5223,1
381,0
582,0
5074,0
1158,0
923,1
4238,0
3493,0
3633,0
5076,0
1169,0
1263,0
1349,1
496,0
616,0
3960,0
3221,0
5280,1
5584,0
4955,0
1223,1
5206,0
2944,0
1520,1
2034,1
4244,1
2290,0
685,0
5640,0
4986,0
284,1
4231,0
4416,0
5372,0
186,0
2663,1
4483,0
144,0
3764,0
1532,0
3035,1
789,1
2255,0
128,1
1861,0
4484,0
2437,0
2789,0
4001,0
1000,1
3917,0
3659,0
1353,0
1225,0
2719,0
1387,0
4997,1
2729,0
3077,0
5467,0
4433,1
1996,1
1270,0
2814,0
1595,1
3706,0
2936,0
3694,0
1445,0
5870,0
3389,1
1796,0
55,0
2873,1
3573,0
4031,0
228,0
4646,0
4533,0
5294,1
3052,0
1332,0
5116,0
3306,1
1815,0
1900,0
5391,1
2047,0
1260,1
5875,0
1226,0
3880,1
1889,0
1049,0
894,0
1214,1
1564,1
1456,0
1997,1
515,1
5292,1
3821,1
2189,0
3533,0
5834,0
5130,0
3640,0
108,0
3890,1
4059,1
4804,0
4627,0
848,0
5838,0
5456,0
649,0
2344,0
233,1
3344,1
1403,0
2453,0
2017,0
5997,0
4181,1
3845,0
404,1
1368,0
2866,0
5378,0
2103,0
5178,1
959,0
4471,1
4860,0
4864,0
3892,1
5205,0
4699,1
1284,0
1867,0
1011,0
5806,0
4712,1
3349,1
5727,0
5319,0
2721,0
4419,1
2465,1
1811,0
114,1
5938,0
5225,0
4754,0
1673,0
315,1
1911,1
5107,0
1032,1
4354,1
5940,0
3470,1
3081,0
2117,0
342,0
1319,1
2198,0
2173,0
966,1
2749,1
1898,1
5290,0
5558,0
4803,0
980,0
1578,0
2757,0
5579,0
5249,1
5652,0
698,0
5293,0
1308,0
5708,0
4855,1
5719,1
4352,0
2735,1
1748,0
5973,0
699,0
3772,1
5279,1
1090,0
5730,0
3033,1
2227,1
4514,0
3496,0
5382,0
873,1
5526,0
2376,1
4070,0
2911,1
1069,0
5408,1
5190,0
3426,1
579,1
5179,0
1687,0
4469,0
2788,0
1775,1
4027,0
3260,0
5508,0
427,0
3968,0
4845,0
5680,0
1755,1
1388,0
5396,0
1645,1
4108,0
5713,1
3770,1
890,0
3466,0
1461,1
940,0
2147,0
1251,0
2223,1
1046,0
1112,1
1887,1
5017,1
1207,0
5939,0
1825,1
3284,0
840,0
5376,1
4257,0
3353,0
755,0
5646,0
3084,0
2299,0
944,1
488,0
3733,0
4327,0
5145,0
1946,0
5172,1
2747,0
4763,1
3379,0
5330,0
5013,0
1441,0
5998,1
2123,0
62,0
5119,0
3893,1
4826,0
1199,0
1182,1
5134,0
3303,1
4669,0
2809,0
569,0
2130,0
1650,0
2204,0
384,1
3838,1
463,0
5843,0
2805,0
3477,0
5674,0
473,0
2961,0
251,0
1236,1
2918,0
334,1
4360,0
4910,1
5715,0
3101,0
4165,1
4034,0
1327,0
5944,1
3480,0
2314,0
965,1
5677,0
3555,0
4925,0
5904,0
279,0
510,1
2698,1
2695,0
2741,0
2558,0
611,1
3641,0
3980,1
653,1
4589,1
2277,1
441,1
5440,0
5436,0
1189,0
5564,0
1524,0
3967,1
2234,1
2658,1
2691,0
3309,1
3277,1
4219,0
485,0
2977,0
4738,0
1912,1
5864,0
4249,0
3250,0
3071,0
4287,0
4462,0
1034,0
1787,0
1377,1
1863,1
2260,1
5404,0
4049,0
954,0
4672,0
1547,1
3913,0
322,1
5209,1
4735,0
1473,0
5893,1
3785,0
2498,0
2636,0
3930,1
5581,0
1309,1
4288,0
556,0
837,0
930,0
3166,0
5769,0
4942,0
3091,1
3558,1
2917,1
1354,0
3501,0
524,0
4643,0
277,1
538,0
5837,0
578,0
732,1
642,0
5894,0
4676,0
2687,0
609,1
3016,1
1821,1
5660,1
4810,0
3246,0
5805,0
5485,0
302,1
998,1
5335,0
3237,0
3603,0
3847,0
3612,0
3116,0
3686,0
2415,0
5359,0
1124,1
3021,0
1937,0
747,1
2870,0
4863,0
3082,0
31,0
4700,1
3750,0
1691,1
5356,1
2461,0
938,0
956,0
4908,1
2395,0
4369,0
377,0
2407,1
223,0
3030,1
4905,0
4782,0
1582,1
3026,0
742,0
5556,0
4276,1
3240,0
5415,0
1128,1
260,0
287,0
106,1
397,0
656,1
1603,0
5360,0
2923,1
5641,0
3481,0
595,0
4427,0
497,0
3608,0
946,0
4119,1
1234,0
1451,0
1560,0
4959,0
1392,0
4008,1
5996,0
3339,1
3445,1
120,1
424,0
1873,0
4268,0
3188,0
3418,0
1636,0
692,1
1529,0
2888,0
4057,0
1455,0
1778,1
5060,1
1185,0
5600,1
200,0
526,1
4542,0
2403,1
1802,0
3697,0
1660,0
1147,1
4874,0
1053,0
4087,0
3525,0
1575,0
2960,0
2494,1
3473,1
3874,0
2906,0
795,0
2375,0
5271,0
3741,1
4271,0
5692,0
5779,1
603,0
3420,0
805,1
4421,0
1685,0
1400,0
4030,1
1573,0
4086,1
2684,1
2512,0
1640,0
3047,0
4648,0
621,1
3117,0
2953,1
1803,0
4084,0
5321,1
2122,0
4374,0
5414,0
4684,0
1901,1
5848,0
1913,0
958,0
5417,1
5877,0
326,0
371,0
1014,0
1701,1
113,1
815,1
4023,0
5734,0
1768,0
845,1
1465,1
960,0
3395,0
5539,0
2540,0
1043,0
3816,0
5121,0
4995,0
4634,0
3442,0
1130,0
722,0
3121,0
5586,0
4805,1
5784,0
1642,0
229,0
5778,1
5438,1
5234,0
5192,1
1956,1
97,0
1756,1
1494,1
3632,0
2488,0
1767,0
3526,1
790,0
4003,1
592,0
743,0
5312,1
5488,1
3989,1
4762,0
1261,0
2983,0
545,1
3267,1
4299,0
331,0
1613,1
2425,1
1325,0
429,1
5672,0
1036,1
5963,1
438,1
5773,0
5678,0
1666,0
927,0
1096,0
3066,0
5357,0
824,0
2542,0
5252,0
5191,0
4636,0
1682,0
2083,0
2950,0
3732,0
4884,1
4015,1
4613,1
172,0
2707,1
4203,0
1999,0
4721,0
4927,0
2758,0
2390,0
3540,0
2016,0
4616,0
5987,0
3649,0
589,1
13,0
1939,0
2032,1
3692,0
5800,0
3421,0
4438,0
2109,1
2073,0
665,0
2731,1
2626,0
5166,0
3079,0
2157,1
1605,1
1742,0
540,0
876,0
4295,1
1919,1
3666,0
4870,1
2720,0
1518,1
248,1
4078,0
5241,0
5497,0
1857,0
215,0
1306,0
183,0
3323,0
4524,1
4339,1
866,0
209,0
25,1
4819,0
4243,0
4639,0
5635,0
1628,0
3725,0
4118,1
2315,0
5946,0
4404,0
351,1
650,0
1362,0
1688,0
417,1
403,0
252,1
4472,1
2245,1
348,1
1430,1
455,1
4293,1
5814,1
2278,0
4477,1
4998,0
5125,0
4224,0
4253,1
3969,1
3291,0
1198,0
3457,1
4610,0
1008,1
5540,1
2743,1
5048,1
2455,1
1527,0
386,0
3163,1
4740,0
575,1
864,0
4312,1
708,1
5066,0
1614,0
492,0
1793,1
2358,1
3991,1
130,0
4540,0
5531,0
2645,0
4032,0
4520,0
819,1
5000,1
75,1
502,0
5845,0
5931,0
5739,0
678,1
3579,1
3448,0
883,0
2571,1
4428,0
5412,0
1287,0
2766,0
1760,0
3804,1
4951,0
583,0
3992,0
5700,0
4113,0
1135,0
5,0
3085,1
1902,0
2244,1
158,0
3208,1
206,1
5675,0
1215,0
4110,0
2652,0
4871,0
1676,0
3461,0
4085,0
1033,0
782,1
4806,0
3882,0
4142,1
1692,1
3002,1
4599,0
1974,0
4728,1
3674,0
3045,1
3801,1
5101,1
3591,1
433,0
1503,0
5071,0
5842,1
3459,0
1598,0
5118,0
5859,0
3133,0
1125,1
1856,0
5809,0
4262,1
4726,0
4877,0
3984,0
3918,1
2560,0
1417,0
4777,0
3386,0
2259,0
990,1
3048,0
1522,1
4220,0
5479,0
5627,0
4746,0
1237,0
1555,0
663,0
2000,0
1777,1
901,0
2877,0
4716,0
3581,0
713,0
477,0
5214,1
2601,0
3726,0
2823,0
4025,0
2555,0
773,0
1440,0
527,1
2806,0
1969,0
3683,0
5078,1
85,0
3098,0
614,1
292,0
2166,0
5566,1
690,0
4395,1
3257,0
3069,0
1590,0
4463,0
1203,0
2080,0
3307,0
2590,0
3858,1
4167,1
3298,0
2191,0
1102,0
5301,0
3617,0
3034,0
3907,0
2811,1
657,1
4549,0
2504,0
319,1
516,1
2054,1
357,0
2440,0
101,0
4677,1
1753,0
5380,1
1178,0
3653,0
5901,0
3483,0
3273,1
5594,0
1004,1
272,1
1047,0
5270,0
2722,1
4200,0
1816,0
5517,0
2094,0
5736,1
2055,1
2899,0
92,0
5496,1
3925,0
1747,0
912,1
4127,1
5435,0
5847,0
5117,0
3044,0
3529,0
5351,1
3378,0
2957,1
4175,1
4148,1
3505,0
3176,0
1294,0
850,1
1669,0
1201,0
2408,1
3830,1
4690,0
4006,0
1167,1
2937,1
388,0
1311,0
1731,1
1707,0
5339,1
3753,1
2613,1
2138,0
1499,0
5138,0
2501,1
2732,0
5416,1
970,0
1670,1
3134,1
1528,0
797,0
1080,0
4820,0
1028,0
2168,1
1635,1
1894,1
544,0
4570,0
5601,1
1365,0
3962,0
1197,1
1391,1
1751,1
2350,1
220,0
4596,1
3784,0
4972,0
4650,1
5251,1
676,0
1525,0
3049,0
3305,0
887,0
1648,0
5637,0
539,0
2536,1
303,0
2644,0
230,0
3301,1
160,0
3248,0
3238,0
5157,0
1058,0
5607,0
1490,0
2238,0
5799,1
4758,1
3015,0
5512,1
5670,0
834,0
1255,0
5097,0
2702,1
3110,0
4190,1
474,0
5687,0
1421,1
2014,1
5495,0
4662,1
1212,0
1249,0
3507,0
4604,0
2466,0
1829,1
3337,0
2220,0
3073,0
3872,0
2401,0
2005,1
4914,1
1420,1
1345,0
4865,0
1828,1
2533,0
3530,1
3099,0
1850,1
816,0
507,1
4503,0
1554,1
5373,0
3537,1
3647,1
573,0
4096,1
5005,0
633,0
2933,1
5395,1
4671,0
635,1
2389,0
5571,0
3024,0
1717,0
2790,0
5370,0
1447,0
5345,0
3927,0
2779,0
853,0
1845,0
3693,0
1205,0
4681,1
2088,0
4290,0
5836,1
5286,0
2523,0
1972,0
5879,1
4475,0
3419,0
464,1
5669,0
2529,0
2196,0
1958,0
784,1
2545,0
3314,1
4192,1
2056,0
3511,0
4500,0
2268,0
3199,0
5919,0
5310,0
1975,1
4330,1
1424,0
5258,0
3607,0
1180,1
495,0
2224,0
4581,0
5100,0
2280,0
3242,0
5554,0
920,0
978,0
2419,1
337,0
4358,0
785,1
627,0
1267,0
728,0
3594,0
4487,0
4626,0
3405,0
3818,0
4180,0
532,0
5328,0
4832,1
4970,0
1984,0
3778,0
423,0
3710,0
602,1
3365,0
2009,0
408,0
3239,0
981,0
1079,0
4442,0
1879,1
3261,1
727,1
4595,0
1317,0
3875,0
227,0
3599,0
5912,0
5742,1
4381,0
4555,0
4583,1
1750,1
1689,0
4255,0
5541,1
1438,0
2287,0
4742,0
555,1
5854,0
622,1
3326,0
3482,0
3585,0
5917,1
2484,1
1576,0
5706,0
1967,0
5605,1
2716,0
4390,0
165,0
3931,1
2979,1
4222,1
2522,0
3387,0
3552,0
1343,1
5765,0
399,1
4310,0
1172,0
2372,1
2593,0
4488,0
4930,0
3441,1
2619,0
5902,0
3744,1
4564,0
4880,0
60,1
4138,1
1162,0
4499,0
4066,1
305,0
619,0
4938,0
4675,1
4968,0
4457,0
4047,0
2177,0
3817,0
1923,0
3789,0
3136,1
511,0
5026,1
316,0
2708,1
535,0
3053,1
4382,0
5911,0
5729,0
1662,0
4394,0
1516,1
5966,0
5573,1
979,0
3534,0
804,0
118,0
4687,0
3295,1
1358,0
182,0
1183,0
5519,1
4263,0
5151,0
2334,1
5757,0
2154,0
4447,0
2267,1
4780,1
558,0
4246,0
2495,0
5315,0
623,1
1117,0
5786,0
827,0
2846,0
1625,0
2594,0
5726,1
4568,0
5608,0
5829,0
290,0
5537,0
3580,0
2371,1
1257,0
2591,1
2947,0
3036,0
2474,0
3106,1
3565,0
4058,1
3943,0
5033,1
1200,0
5630,1
4367,0
4891,0
5857,0
4590,0
2311,0
5388,0
4068,0
2024,1
152,1
3854,1
4901,1
3624,1
4876,0
3871,0
1210,0
1833,0
666,0
647,0
2581,0
5233,0
1757,1
2175,0
416,1
3359,1
697,1
4198,0
2781,0
1668,1
2797,0
3006,1
2114,0
5869,0
3738,0
2973,1
4560,0
4440,1
176,0
3644,0
869,1
3638,0
1444,0
5399,0
3561,0
2209,0
1184,0
2383,0
3657,1
4431,0
503,1
3455,1
3152,0
2159,0
79,0
5072,0
487,0
4584,0
2726,0
4212,0
4808,0
1495,0
541,1
83,0
221,1
4214,1
4460,0
4522,0
4411,0
3407,0
350,0
957,1
3275,0
1329,0
1063,1
1705,1
1258,0
5735,1
4580,0
2515,1
1470,0
768,1
2252,1
1397,0
646,0
2285,0
5464,0
5546,1
3159,0
2291,0
32,1
1764,0
2930,0
4585,0
5717,1
2694,0
4842,0
3814,0
5426,0
1061,1
3312,0
4539,0
867,0
2379,0
2557,1
2266,1
778,0
5175,0
3065,0
383,1
783,1
3786,1
3946,1
3883,1
2134,1
4120,0
5255,1
5016,1
5443,1
1571,1
1213,0
5759,0
2653,0
2604,0
5023,0
4446,0
1708,0
2447,1
1890,0
2192,0
2863,0
1839,0
1243,0
1095,1
3122,0
5743,0
2459,1
5020,1
1292,0
5532,1
568,1
145,1
482,0
5945,1
4076,1
5228,0
323,1
5079,0
1416,0
3347,0
2886,1
4811,1
3422,0
2308,0
2945,0
1592,1
3803,0
5781,0
3372,1
2844,0
5254,0
4922,0
5509,0
363,0
3038,1
1460,0
523,0
5691,0
4377,0
2230,1
5538,0
1659,0
2744,0
3300,0
4478,1
1790,0
4926,0
5420,1
4355,1
5755,0
5515,0
402,1
5173,0
5055,0
1818,0
1315,0
2060,1
5986,0
5275,1
5338,0
1580,1
5748,1
4069,0
1585,1
3572,0
4709,1
3313,0
2914,0
3564,0
5745,0
1087,0
3055,0
3723,0
3948,0
2381,1
355,0
4576,0
1634,1
4435,0
1706,0
3600,1
4039,0
3366,1
5318,0
1710,1
1841,1
4242,0
2551,1
1591,0
268,1
1002,1
42,1
4551,0
2057,0
5884,0
2955,0
2519,1
1884,0
2782,1
3504,0
261,0
4967,1
3808,0
456,1
5720,0
3444,0
5791,0
3974,0
723,0
110,0
3194,1
1437,0
4055,1
3491,1
5650,0
4943,0
2301,0
1206,0
1959,1
5015,0
548,0
704,0
2996,0
2213,1
3269,0
4269,1
4760,0
4151,0
5491,0
3538,0
131,0
1882,0
2674,1
406,0
4532,0
96,0
2194,0
5914,0
1765,0
109,0
3130,1
772,1
1794,0
5935,0
5459,1
934,1
5582,1
1462,0
3645,0
4493,0
892,1
4459,0
5453,0
5868,0
2965,1
3780,0
4,0
2612,0
5402,0
5631,0
2998,0
3331,1
707,0
5024,0
5170,0
5480,0
5871,1
5816,0
5461,0
3433,0
1836,1
3765,0
4486,0
1834,0
775,0
2878,0
2628,1
4935,0
483,0
4170,1
5955,0
4501,0
2078,0
776,0
703,0
4976,1
1355,0
2771,0
4937,0
3869,0
2023,0
254,0
5296,1
3467,0
2637,0
93,0
1012,0
5237,0
5593,1
4975,1
563,0
3367,0
5804,0
155,1
3839,0
2472,1
4985,0
4326,0
121,0
2810,1
5444,1
2623,0
1208,0
1804,0
677,0
4744,0
2929,0
4797,0
1727,1
2435,0
2564,0
73,1
822,0
398,1
5342,0
905,0
4418,0
3879,0
1781,0
5694,0
4562,1
4530,1
4903,0
2236,0
4815,0
512,1
5007,1
1600,0
5264,0
5304,1
1379,1
358,1
2107,0
4337,1
4114,0
826,0
36,0
2580,1
4640,0
1091,0
4670,1
286,1
5983,0
2572,0
5262,1
1511,0
2214,0
4237,1
1177,0
4029,0
5813,1
1425,0
3621,1
4208,1
2528,1
370,0
2365,0
4509,0
4187,0
3761,0
3718,0
2404,1
1806,0
2834,0
5903,0
3494,0
2685,1
1988,1
3702,0
4158,1
3254,1
1674,1
2755,1
30,0
3548,1
3361,0
1621,0
5673,1
5027,1
675,0
5628,1
2847,0
425,0
57,1
3125,0
3602,0
3150,0
2006,1
1633,0
1402,0
3758,0
4344,0
899,1
1843,1
3203,0
4696,0
3189,1
1543,0
4362,0
1452,0
3228,0
1936,0
718,1
5483,0
5126,0
2048,0
5618,0
3342,0
4368,0
4156,1
2795,1
412,0
4289,0
3388,0
1505,1
2802,1
212,0
5724,0
4174,1
5010,1
208,0
2216,0
1615,0
1916,1
1103,0
4899,0
4048,0
5750,1
443,0
4346,0
198,0
3998,1
5004,0
988,1
4171,0
4678,0
4399,0
1496,0
4414,0
1509,0
5638,1
4241,1
1860,0
4037,0
596,0
271,1
1922,0
1229,0
1013,0
1298,0
2617,0
369,0
1809,1
1935,0
1630,0
2164,0
2499,0
3910,1
877,0
129,0
4917,0
2037,0
5390,1
4147,1
4067,0
4080,0
2550,1
3891,0
669,1
5968,1
4647,0
3302,0
3191,0
168,0
353,1
3680,0
5433,0
3103,0
5092,0
2097,0
1951,0
4718,0
1100,0
3446,0
378,0
4710,1
3575,1
2704,0
5469,0
5548,0
5229,0
442,0
5346,0
1655,0
1152,1
1570,1
3178,0
787,0
4529,0
3429,0
2631,1
5585,0
1566,0
5273,0
5970,0
2908,1
1331,0
1393,0
2776,0
799,1
466,0
4921,0
5407,0
4829,1
2286,0
1960,1
4422,0
2004,0
4723,0
1088,0
4550,0
2040,1
2355,0
5611,0
4680,1
3390,0
607,1
4543,0
3840,0
3655,1
2306,0
1224,1
2872,0
4239,1
711,1
3933,1
1792,1
3014,0
2818,1
177,0
1159,0
895,1
4981,0
1842,1
4933,0
2671,0
1607,0
2233,0
3032,1
5053,0
1335,1
2178,0
1148,0
4783,1
5160,0
164,0
4623,1
4376,1
5964,1
4082,0
5616,0
1023,1
5250,0
3137,0
4779,1
3590,0
1474,0
5614,1
2409,0
1720,0
4739,0
4588,0
933,0
509,1
5760,0
3771,0
293,1
3938,0
5199,0
1729,0
3965,0
2243,0
3197,1
1429,0
5658,0
298,0
3705,1
4949,1
985,0
236,1
3566,0
5948,1
3769,0
1698,0
2264,0
5419,0
4437,1
5927,0
2116,0
1594,0
4456,0
5409,0
1780,1
968,0
5040,0
2632,0
4140,0
5754,0
2765,0
4161,0
1489,0
5188,1
5049,1
906,0
4649,1
2656,0
3037,0
3104,0
5654,1
2759,0
4894,0
3465,1
5947,0
1314,0
2547,1
3729,0
3586,0
1797,0
1886,1
2832,0
4273,0
5521,1
1798,0
3315,0
916,0
982,0
2162,0
5219,0
1814,0
680,0
5174,0
5590,0
2837,0
5612,0
1093,0
3485,0
1866,0
5787,1
5762,0
1463,0
2602,0
2490,1
2507,1
951,0
691,0
5348,0
5083,0
1375,1
4197,0
4164,1
534,1
5737,1
2928,0
4697,0
1989,0
1955,1
59,1
921,0
43,1
494,0
3842,0
865,0
5059,0
3576,0
1577,0
225,0
2352,0
5925,1
3996,1
4391,1
2276,0
1846,0
3109,1
719,1
5578,0
600,0
3183,1
4046,1
1477,0
4822,0
4388,1
973,0
1384,1
1569,0
3029,0
4126,1
739,1
2768,0
2714,1
756,0
1266,0
1964,0
3568,0
904,1
3509,1
5937,1
3950,0
5386,0
1497,1
1791,0
771,0
2670,0
4946,0
5327,0
2303,0
4993,0
81,1
3589,1
4708,0
3852,0
4336,1
2576,0
432,0
1523,0
2382,0
312,0
3223,0
3368,0
1973,1
1694,0
2879,1
2215,0
1993,0
835,0
5259,0
3360,1
3763,1
1209,1
1118,0
2098,0
247,0
3724,0
5268,1
1517,0
4173,1
3815,0
2367,0
2258,0
3492,0
1281,0
1415,0
3611,0
3810,1
2042,0
2871,0
3428,0
3834,0
2458,0
542,0
4168,0
3570,0
5510,0
2999,0
3959,1
3628,1
4969,0
4297,0
3332,0
3832,0
3695,0
2561,0
3410,0
4761,0
788,0
3767,1
3384,1
5003,1
5941,0
5535,0
1126,0
4618,0
3921,1
2785,1
1363,0
48,0
3604,0
5934,1
3131,0
577,1
3630,0
3224,0
3811,0
801,1
1639,0
2479,1
3947,0
628,0
479,0
4455,0
1015,1
871,0
1795,1
2531,1
3987,1
1638,0
5001,0
2573,0
5213,1
2813,0
3926,0
1297,0
5235,1
146,0
2402,0
3068,0
4556,1
171,0
5909,0
2801,0
4233,1
5776,0
2997,0
4655,1
1195,1
3100,0
1389,0
4724,1
2508,1
3563,1
1553,1
4317,0
3498,1
4923,1
84,0
5077,0
2799,0
304,0
1246,1
4516,0
3129,0
800,0
1542,0
2289,1
683,1
159,0
2990,0
714,1
453,1
1910,0
2361,0
4365,0
5364,0
4135,0
2622,0
4707,0
3746,1
1514,0
2448,1
10,0
2341,0
3862,1
1716,0
1684,1
4507,0
2796,1
4105,0
5589,1
4266,0
3181,0
5068,1
3961,1
3936,0
1712,1
2228,0
470,0
4784,0
1094,0
5642,0
1942,0
854,1
410,1
100,1
2015,0
5863,1
4896,1
5422,0
3330,0
1449,0
4209,0
769,0
4226,0
2386,0
4199,0
5421,0
1139,1
3010,0
4357,1
2309,0
2605,0
2900,0
942,1
2948,0
661,0
634,0
2862,0
802,0
1990,0
5011,1
5992,1
4261,0
4240,0
1211,0
222,0
1774,0
5366,0
570,1
2783,0
5383,0
1579,0
5609,1
4020,0
4717,1
3119,0
273,1
1326,1
2030,1
3296,0
3219,0
1724,0
1619,1
4372,0
3866,1
4050,0
2046,0
2686,0
3105,1
3924,0
735,1
2666,0
1546,1
2717,1
5643,1
65,0
49,1
3262,1
5086,0
1824,0
3413,1
2256,1
3439,1
2760,0
1021,1
922,0
1057,0
897,0
4036,1
4313,0
1339,0
3614,0
3216,1
3802,0
2951,1
2793,0
1410,0
3108,0
670,0
5347,0
2541,1
1651,0
4666,1
5891,1
2261,0
5802,0
2257,1
780,0
2347,0
1453,0
4630,0
2675,0
4091,0
3135,0
5889,1
4534,1
2089,0
4597,0
5591,0
3940,0
1966,1
3798,0
4919,0
3662,0
4918,0
4109,0
3914,1
1954,0
2450,1
4060,0
1296,1
1788,0
5428,1
2478,0
5450,0
18,0
2262,0
2763,1
4321,0
4861,0
481,0
216,1
4836,1
3978,0
1909,1
3115,1
5792,0
2669,0
4661,0
3417,1
1020,1
2235,0
1083,1
1892,1
4480,1
3646,0
5332,1
807,1
267,0
5722,0
3471,0
2706,0
3171,1
1810,0
4791,0
4766,0
4924,1
1568,0
5091,0
1875,0
3179,0
3713,0
4045,0
857,0
87,0
125,0
3774,0
2104,0
2297,1
4765,1
1190,0
5098,0
2218,1
3651,0
4451,1
2003,1
4277,0
151,0
3057,0
4405,1
115,0
324,1
3953,0
1066,1
5397,1
148,0
3043,0
3756,0
1608,0
4436,0
491,0
2331,0
1697,0
3128,1
3363,0
5492,0
2894,1
2901,1
5524,0
3140,1
3327,0
2827,0
5451,0
1610,1
61,0
2292,0
5218,0
2059,1
3175,0
2486,0
2705,0
3009,0
4941,0
4843,0
1744,0
4515,1
1559,0
1597,0
5835,0
4872,0
2026,0
3903,1
5019,0
2889,1
3440,1
522,1
2489,1
3790,0
2696,0
5856,0
2738,0
2890,0
4122,1
4387,1
1348,0
3156,0
5299,0
2926,1
2780,1
5054,0
1476,0
832,0
5905,1
3144,1
681,0
5452,0
4131,1
2203,1
5106,0
1627,0
163,0
3404,1
1035,1
1250,1
4270,1
3993,1
4881,0
4988,0
376,0
4694,1
1515,0
5454,1
3211,0
4016,1
859,0
5684,0
5559,0
4553,0
3488,1
3165,1
2972,0
4429,0
1844,1
4752,1
671,0
4426,0
2091,1
4088,1
2868,0
4306,0
2764,0
4397,0
3259,0
3982,0
4373,0
764,1
1370,0
753,1
925,0
1888,0
1336,0
5629,1
5892,0
1157,0
5265,0
340,1
3111,0
4787,0
447,1
702,0
3350,1
3212,0
3187,0
5563,0
630,0
2336,1
3226,0
1749,0
5576,0
4519,0
2092,0
5044,0
919,1
1366,1
5707,0
2881,0
434,0
1029,0
4770,1
153,0
5950,0
5224,0
140,1
3256,0
343,1
3234,0
803,0
4638,1
226,0
365,0
3768,1
5472,0
2715,1
1534,1
1820,0
4641,1
5266,0
3547,1
3028,0
3709,0
1026,0
4363,1
2110,0
1770,1
5135,0
3542,0
5818,0
1227,0
1144,0
2798,0
78,1
5210,0
861,0
439,0
1504,1
5148,0
3474,0
4673,0
4547,0
4567,0
817,1
450,1
2821,0
5284,0
1565,0
2392,0
3805,0
2688,1
4659,0
3139,1
373,0
4856,0
903,0
975,0
5705,1
4163,0
1286,0
5942,0
3074,0
1920,0
2441,0
2473,1
5212,0
1288,1
3169,0
5665,0
4944,0
3416,0
2351,0
5988,0
4890,0
4468,0
1763,1
4907,0
1386,1
662,1
3041,1
317,1
3346,0
5295,0
5709,1
4379,0
4554,1
3708,0
3210,1
2830,0
5895,1
4698,0
761,0
5257,0
1813,0
5411,0
5788,1
4094,0
2273,0
1510,0
5592,0
5354,0
3220,0
17,0
2724,0
5711,0
238,0
5928,0
1274,0
2249,0
2916,0
4272,0
1827,1
1800,1
4314,0
585,0
2146,0
3822,0
300,0
5203,0
4191,1
4274,0
4704,0
5410,0
3088,1
3155,0
5363,0
5022,1
4188,1
88,0
3247,0
1924,0
26,0
5916,1
5493,0
1359,1
1713,0
3059,0
5245,1
1661,0
1164,0
4862,0
3920,0
2638,0
266,0
3063,0
2579,0
4768,0
4265,0
3025,0
242,0
2539,1
5050,0
1372,0
2481,0
5897,0
5953,0
1337,1
5115,0
178,1
3836,0
5583,0
3434,0
4711,0
3008,1
673,0
1074,0
162,0
5771,0
3865,0
5320,1
891,0
3415,0
4858,0
14,0
514,0
2180,0
5455,1
5494,0
4143,0
1380,0
1978,0
3739,0
1631,0
2325,0
2165,1
508,0
409,0
4013,0
1672,1
5124,0
4607,0
3060,0
2132,0
1609,0
2378,1
2692,0
2322,0
1423,0
4389,0
5550,0
4887,0
1500,0
478,0
2885,0
1745,0
4665,0
974,0
3107,0
4461,1
4731,0
422,0
1295,0
1433,0
4602,0
733,0
460,0
1599,0
5473,0
2952,0
1771,1
4767,1
4407,0
528,0
3795,0
3513,0
3214,0
1170,0
3452,0
3400,1
5088,0
1478,1
618,0
2221,1
2962,1
2319,0
3425,1
1432,0
818,0
3508,1
639,0
1398,0
1695,0
2521,0
3700,0
1611,0
339,0
2443,0
99,0
2734,0
530,0
4139,1
385,0
431,1
2163,1
4304,1
3794,1
2831,1
5924,0
1361,0
1982,1
1351,0
2751,0
5227,0
3714,1
2011,0
5358,0
4854,0
2852,0
119,0
5831,1
1099,1
5200,1
5648,0
2470,0
1191,1
2611,0
396,1
4654,0
295,1
4385,0
3147,1
660,0
4401,0
3056,0
996,1
5661,0
947,0
2746,0
185,0
2650,0
2100,1
1831,0
95,0
3867,0
2640,0
4796,0
1204,0
2445,1
976,0
3615,0
2406,0
4305,1
4889,1
2861,1
3844,0
5334,0
4160,0
4063,0
3354,1
5281,1
2986,1
2332,0
4603,0
4702,0
5220,0
4093,1
3532,0
2935,1
3643,0
2029,0
3773,0
2269,1
1876,0
812,0
4071,0
2270,1
1854,0
12,1
1107,1
2247,1
5095,0
2342,0
4009,0
1526,0
2374,0
1735,0
758,0
1823,0
552,0
5448,1
3595,0
333,0
5569,0
2678,0
554,1
1271,1
2647,0
5381,0
706,0
620,0
51,0
2050,0
615,0
2525,0
5231,0
5619,0
4720,0
765,0
2323,1
1219,0
1675,0
2081,0
2167,0
475,0
1838,0
4830,0
5851,0
971,1
2803,1
5785,0
4038,1
3807,0
3364,1
72,1
5610,0
5551,1
4729,0
2654,0
1501,0
5850,1
2993,1
179,1
2423,0
2556,1
2149,1
846,0
1918,1
1454,1
5790,0
2710,0
2429,1
4133,0
1492,0
2608,1
909,0
3271,0
359,0
875,0
3358,0
880,0
4412,0
5090,0
4017,1
4235,0
5623,1
484,0
2115,0
2502,0
2646,0
1115,0
3489,0
1992,0
3340,1
1446,0
4104,1
1242,0
1065,0
1852,1
991,0
4296,0
3285,0
3231,0
4052,0
5565,0
3058,0
2387,0
2229,0
3835,0
1789,1
1217,0
5143,0
2959,0
5133,1
1819,0
301,0
1175,0
4980,1
4960,0
1196,1
779,0
1728,1
2199,1
1163,1
1202,0
4452,0
2145,1
3823,0
5067,0
863,0
2845,0
3514,0
4526,0
467,1
5458,1
3222,0
4439,1
156,1
4494,1
1623,1
4961,1
2410,1
1024,0
80,0
4591,1
5867,0
4620,1
3453,0
4789,1
2865,0
5772,0
5232,0
5575,0
5528,0
4525,0
932,0
5704,0
504,0
748,1
3954,1
3665,0
2434,0
2294,0
3414,1
3362,0
3597,0
4275,0
1971,1
4434,1
5029,0
250,1
4594,1
1762,1
2723,0
3385,1
5985,0
3233,0
4769,0
5725,0
2939,0
5967,0
6,1
5574,0
3609,0
5427,0
2102,1
3849,0
2575,1
142,0
3192,0
2101,0
5846,0
3855,0
347,1
1299,0
500,0
246,0
3443,0
2584,0
874,0
4383,0
3583,0
2736,0
3964,1
2436,1
3550,0
3544,0
4054,1
4392,0
461,0
3560,0
4929,1
2510,0
244,0
1976,0
1826,1
2222,1
4774,0
4736,1
696,0
796,0
2082,0
4974,0
5543,0
3297,1
1539,0
5552,0
4432,0
4518,0
2468,0
329,0
760,0
5102,1
2543,0
937,0
529,0
1109,0
4812,0
70,0
1678,0
5137,0
1323,0
3521,0
4041,0
2835,0
3196,1
3502,0
2449,1
1703,0
5828,0
4629,1
3102,1
1696,0
1786,0
3696,0
1472,1
